{
  "run_id": "20260216_17",
  "start_ts": 1771257600,
  "end_ts": 1771261200,
  "window_start_ts": 1771257600,
  "window_end_ts": 1771261200,
  "avg_equity": 112.4887905245712,
  "equity_start": 112.49910294234093,
  "equity_end": 112.46816568903178,
  "total_return_pct": -0.0002750000000000252,
  "max_drawdown_pct": 0.0002750000000000252,
  "sharpe": -93.59487097369076,
  "num_trades": 1,
  "num_round_trips": 0,
  "turnover_ratio": 0.250022918767685,
  "fees_usdt_total": 0.0168748654414,
  "slippage_usdt_total": 0.0140623878678,
  "slippage_coverage": 1.0,
  "cost_usdt_total": 0.030937253309199997,
  "cost_ratio": 0.0002750252106448091,
  "win_rate": null,
  "profit_factor": null,
  "budget": {
    "ymd_utc": "20260216",
    "avg_equity_est": 112.4887905245712,
    "turnover_used": 140.2933972642906,
    "turnover_budget_per_day": null,
    "cost_used_usdt": 0.15432273699079965,
    "cost_used_bps": 13.718943573945758,
    "cost_budget_bps_per_day": null,
    "exceeded": false,
    "reason": null,
    "fills_count_today": 13,
    "median_notional_usdt_today": 0.003627841536,
    "small_trade_ratio_today": 0.6153846153846154,
    "small_trade_notional_cutoff": 25.0
  }
}