{
  "schema_version": 1,
  "day": "20260214",
  "coverage": {
    "events_total": 24,
    "fills": 24,
    "missing_bidask": 0
  },
  "buckets": {
    "BTC/USDT|Sideways|fill|50_100": {
      "count": 2,
      "spread_bps": {
        "count": 2,
        "mean": 2.0,
        "max": 2.0,
        "p50": 2.0,
        "p75": 2.0,
        "p90": 2.0,
        "p95": 2.0
      },
      "slippage_bps": {
        "count": 2,
        "mean": 2.09,
        "max": 2.57,
        "p50": 1.61,
        "p75": 2.57,
        "p90": 2.57,
        "p95": 2.57
      },
      "fee_bps": {
        "count": 2,
        "mean": 1.12,
        "max": 1.37,
        "p50": 0.87,
        "p75": 1.37,
        "p90": 1.37,
        "p95": 1.37
      },
      "cost_bps_total": {
        "count": 2,
        "mean": 3.21,
        "max": 3.44,
        "p50": 2.98,
        "p75": 3.44,
        "p90": 3.44,
        "p95": 3.44
      }
    },
    "BTC/USDT|Sideways|fill|25_50": {
      "count": 2,
      "spread_bps": {
        "count": 2,
        "mean": 2.0,
        "max": 2.0,
        "p50": 2.0,
        "p75": 2.0,
        "p90": 2.0,
        "p95": 2.0
      },
      "slippage_bps": {
        "count": 2,
        "mean": 4.609999999999999,
        "max": 4.68,
        "p50": 4.54,
        "p75": 4.68,
        "p90": 4.68,
        "p95": 4.68
      },
      "fee_bps": {
        "count": 2,
        "mean": 1.1400000000000001,
        "max": 1.23,
        "p50": 1.05,
        "p75": 1.23,
        "p90": 1.23,
        "p95": 1.23
      },
      "cost_bps_total": {
        "count": 2,
        "mean": 5.75,
        "max": 5.91,
        "p50": 5.59,
        "p75": 5.91,
        "p90": 5.91,
        "p95": 5.91
      }
    },
    "SOL/USDT|Risk-Off|fill|25_50": {
      "count": 1,
      "spread_bps": {
        "count": 1,
        "mean": 2.0,
        "max": 2.0,
        "p50": 2.0,
        "p75": 2.0,
        "p90": 2.0,
        "p95": 2.0
      },
      "slippage_bps": {
        "count": 1,
        "mean": 2.7,
        "max": 2.7,
        "p50": 2.7,
        "p75": 2.7,
        "p90": 2.7,
        "p95": 2.7
      },
      "fee_bps": {
        "count": 1,
        "mean": 1.36,
        "max": 1.36,
        "p50": 1.36,
        "p75": 1.36,
        "p90": 1.36,
        "p95": 1.36
      },
      "cost_bps_total": {
        "count": 1,
        "mean": 4.06,
        "max": 4.06,
        "p50": 4.06,
        "p75": 4.06,
        "p90": 4.06,
        "p95": 4.06
      }
    },
    "BNB/USDT|Risk-Off|fill|ge250": {
      "count": 2,
      "spread_bps": {
        "count": 2,
        "mean": 2.0,
        "max": 2.0,
        "p50": 2.0,
        "p75": 2.0,
        "p90": 2.0,
        "p95": 2.0
      },
      "slippage_bps": {
        "count": 2,
        "mean": 3.4400000000000004,
        "max": 4.78,
        "p50": 2.1,
        "p75": 4.78,
        "p90": 4.78,
        "p95": 4.78
      },
      "fee_bps": {
        "count": 2,
        "mean": 0.98,
        "max": 1.06,
        "p50": 0.9,
        "p75": 1.06,
        "p90": 1.06,
        "p95": 1.06
      },
      "cost_bps_total": {
        "count": 2,
        "mean": 4.425,
        "max": 5.68,
        "p50": 3.17,
        "p75": 5.68,
        "p90": 5.68,
        "p95": 5.68
      }
    },
    "ETH/USDT|Risk-Off|fill|25_50": {
      "count": 1,
      "spread_bps": {
        "count": 1,
        "mean": 2.0,
        "max": 2.0,
        "p50": 2.0,
        "p75": 2.0,
        "p90": 2.0,
        "p95": 2.0
      },
      "slippage_bps": {
        "count": 1,
        "mean": 2.02,
        "max": 2.02,
        "p50": 2.02,
        "p75": 2.02,
        "p90": 2.02,
        "p95": 2.02
      },
      "fee_bps": {
        "count": 1,
        "mean": 1.18,
        "max": 1.18,
        "p50": 1.18,
        "p75": 1.18,
        "p90": 1.18,
        "p95": 1.18
      },
      "cost_bps_total": {
        "count": 1,
        "mean": 3.19,
        "max": 3.19,
        "p50": 3.19,
        "p75": 3.19,
        "p90": 3.19,
        "p95": 3.19
      }
    },
    "SOL/USDT|Trending|fill|lt25": {
      "count": 1,
      "spread_bps": {
        "count": 1,
        "mean": 2.0,
        "max": 2.0,
        "p50": 2.0,
        "p75": 2.0,
        "p90": 2.0,
        "p95": 2.0
      },
      "slippage_bps": {
        "count": 1,
        "mean": 2.59,
        "max": 2.59,
        "p50": 2.59,
        "p75": 2.59,
        "p90": 2.59,
        "p95": 2.59
      },
      "fee_bps": {
        "count": 1,
        "mean": 0.84,
        "max": 0.84,
        "p50": 0.84,
        "p75": 0.84,
        "p90": 0.84,
        "p95": 0.84
      },
      "cost_bps_total": {
        "count": 1,
        "mean": 3.43,
        "max": 3.43,
        "p50": 3.43,
        "p75": 3.43,
        "p90": 3.43,
        "p95": 3.43
      }
    },
    "BNB/USDT|Trending|fill|25_50": {
      "count": 1,
      "spread_bps": {
        "count": 1,
        "mean": 2.0,
        "max": 2.0,
        "p50": 2.0,
        "p75": 2.0,
        "p90": 2.0,
        "p95": 2.0
      },
      "slippage_bps": {
        "count": 1,
        "mean": 0.8,
        "max": 0.8,
        "p50": 0.8,
        "p75": 0.8,
        "p90": 0.8,
        "p95": 0.8
      },
      "fee_bps": {
        "count": 1,
        "mean": 0.74,
        "max": 0.74,
        "p50": 0.74,
        "p75": 0.74,
        "p90": 0.74,
        "p95": 0.74
      },
      "cost_bps_total": {
        "count": 1,
        "mean": 1.54,
        "max": 1.54,
        "p50": 1.54,
        "p75": 1.54,
        "p90": 1.54,
        "p95": 1.54
      }
    },
    "BNB/USDT|Trending|fill|100_250": {
      "count": 3,
      "spread_bps": {
        "count": 3,
        "mean": 2.0,
        "max": 2.0,
        "p50": 2.0,
        "p75": 2.0,
        "p90": 2.0,
        "p95": 2.0
      },
      "slippage_bps": {
        "count": 3,
        "mean": 2.6933333333333334,
        "max": 3.72,
        "p50": 3.59,
        "p75": 3.72,
        "p90": 3.72,
        "p95": 3.72
      },
      "fee_bps": {
        "count": 3,
        "mean": 1.1866666666666668,
        "max": 1.49,
        "p50": 1.32,
        "p75": 1.49,
        "p90": 1.49,
        "p95": 1.49
      },
      "cost_bps_total": {
        "count": 3,
        "mean": 3.8800000000000003,
        "max": 4.9,
        "p50": 4.47,
        "p75": 4.9,
        "p90": 4.9,
        "p95": 4.9
      }
    },
    "BTC/USDT|Sideways|fill|ge250": {
      "count": 1,
      "spread_bps": {
        "count": 1,
        "mean": 2.0,
        "max": 2.0,
        "p50": 2.0,
        "p75": 2.0,
        "p90": 2.0,
        "p95": 2.0
      },
      "slippage_bps": {
        "count": 1,
        "mean": 2.8,
        "max": 2.8,
        "p50": 2.8,
        "p75": 2.8,
        "p90": 2.8,
        "p95": 2.8
      },
      "fee_bps": {
        "count": 1,
        "mean": 0.67,
        "max": 0.67,
        "p50": 0.67,
        "p75": 0.67,
        "p90": 0.67,
        "p95": 0.67
      },
      "cost_bps_total": {
        "count": 1,
        "mean": 3.47,
        "max": 3.47,
        "p50": 3.47,
        "p75": 3.47,
        "p90": 3.47,
        "p95": 3.47
      }
    },
    "SOL/USDT|Risk-Off|fill|ge250": {
      "count": 1,
      "spread_bps": {
        "count": 1,
        "mean": 2.0,
        "max": 2.0,
        "p50": 2.0,
        "p75": 2.0,
        "p90": 2.0,
        "p95": 2.0
      },
      "slippage_bps": {
        "count": 1,
        "mean": 2.91,
        "max": 2.91,
        "p50": 2.91,
        "p75": 2.91,
        "p90": 2.91,
        "p95": 2.91
      },
      "fee_bps": {
        "count": 1,
        "mean": 0.69,
        "max": 0.69,
        "p50": 0.69,
        "p75": 0.69,
        "p90": 0.69,
        "p95": 0.69
      },
      "cost_bps_total": {
        "count": 1,
        "mean": 3.6,
        "max": 3.6,
        "p50": 3.6,
        "p75": 3.6,
        "p90": 3.6,
        "p95": 3.6
      }
    },
    "SOL/USDT|Trending|fill|ge250": {
      "count": 1,
      "spread_bps": {
        "count": 1,
        "mean": 2.0,