{
  "schema_version": 1,
  "day": "20260215",
  "coverage": {
    "events_total": 30,
    "fills": 30,
    "missing_bidask": 0
  },
  "buckets": {
    "ETH/USDT|Risk-Off|fill|100_250": {
      "count": 1,
      "spread_bps": {
        "count": 1,
        "mean": 2.0,
        "max": 2.0,
        "p50": 2.0,
        "p75": 2.0,
        "p90": 2.0,
        "p95": 2.0
      },
      "slippage_bps": {
        "count": 1,
        "mean": 3.86,
        "max": 3.86,
        "p50": 3.86,
        "p75": 3.86,
        "p90": 3.86,
        "p95": 3.86
      },
      "fee_bps": {
        "count": 1,
        "mean": 1.24,
        "max": 1.24,
        "p50": 1.24,
        "p75": 1.24,
        "p90": 1.24,
        "p95": 1.24
      },
      "cost_bps_total": {
        "count": 1,
        "mean": 5.1,
        "max": 5.1,
        "p50": 5.1,
        "p75": 5.1,
        "p90": 5.1,
        "p95": 5.1
      }
    },
    "BTC/USDT|Sideways|fill|100_250": {
      "count": 2,
      "spread_bps": {
        "count": 2,
        "mean": 2.0,
        "max": 2.0,
        "p50": 2.0,
        "p75": 2.0,
        "p90": 2.0,
        "p95": 2.0
      },
      "slippage_bps": {
        "count": 2,
        "mean": 1.54,
        "max": 1.72,
        "p50": 1.36,
        "p75": 1.72,
        "p90": 1.72,
        "p95": 1.72
      },
      "fee_bps": {
        "count": 2,
        "mean": 1.325,
        "max": 1.47,
        "p50": 1.18,
        "p75": 1.47,
        "p90": 1.47,
        "p95": 1.47
      },
      "cost_bps_total": {
        "count": 2,
        "mean": 2.865,
        "max": 2.9,
        "p50": 2.83,
        "p75": 2.9,
        "p90": 2.9,
        "p95": 2.9
      }
    },
    "SOL/USDT|Risk-Off|fill|ge250": {
      "count": 3,
      "spread_bps": {
        "count": 3,
        "mean": 2.0,
        "max": 2.0,
        "p50": 2.0,
        "p75": 2.0,
        "p90": 2.0,
        "p95": 2.0
      },
      "slippage_bps": {
        "count": 3,
        "mean": 2.11,
        "max": 4.33,
        "p50": 1.41,
        "p75": 4.33,
        "p90": 4.33,
        "p95": 4.33
      },
      "fee_bps": {
        "count": 3,
        "mean": 0.8133333333333335,
        "max": 1.09,
        "p50": 0.76,
        "p75": 1.09,
        "p90": 1.09,
        "p95": 1.09
      },
      "cost_bps_total": {
        "count": 3,
        "mean": 2.9233333333333333,
        "max": 5.42,
        "p50": 2.17,
        "p75": 5.42,
        "p90": 5.42,
        "p95": 5.42
      }
    },
    "SOL/USDT|Risk-Off|fill|50_100": {
      "count": 1,
      "spread_bps": {
        "count": 1,
        "mean": 2.0,
        "max": 2.0,
        "p50": 2.0,
        "p75": 2.0,
        "p90": 2.0,
        "p95": 2.0
      },
      "slippage_bps": {
        "count": 1,
        "mean": 4.43,
        "max": 4.43,
        "p50": 4.43,
        "p75": 4.43,
        "p90": 4.43,
        "p95": 4.43
      },
      "fee_bps": {
        "count": 1,
        "mean": 0.79,
        "max": 0.79,
        "p50": 0.79,
        "p75": 0.79,
        "p90": 0.79,
        "p95": 0.79
      },
      "cost_bps_total": {
        "count": 1,
        "mean": 5.22,
        "max": 5.22,
        "p50": 5.22,
        "p75": 5.22,
        "p90": 5.22,
        "p95": 5.22
      }
    },
    "SOL/USDT|Sideways|fill|ge250": {
      "count": 2,
      "spread_bps": {
        "count": 2,
        "mean": 2.0,
        "max": 2.0,
        "p50": 2.0,
        "p75": 2.0,
        "p90": 2.0,
        "p95": 2.0
      },
      "slippage_bps": {
        "count": 2,
        "mean": 2.775,
        "max": 4.02,
        "p50": 1.53,
        "p75": 4.02,
        "p90": 4.02,
        "p95": 4.02
      },
      "fee_bps": {
        "count": 2,
        "mean": 1.375,
        "max": 1.43,
        "p50": 1.32,
        "p75": 1.43,
        "p90": 1.43,
        "p95": 1.43
      },
      "cost_bps_total": {
        "count": 2,
        "mean": 4.145,
        "max": 5.33,
        "p50": 2.96,
        "p75": 5.33,
        "p90": 5.33,
        "p95": 5.33
      }
    },
    "BTC/USDT|Risk-Off|fill|25_50": {
      "count": 1,
      "spread_bps": {
        "count": 1,
        "mean": 2.0,
        "max": 2.0,
        "p50": 2.0,
        "p75": 2.0,
        "p90": 2.0,
        "p95": 2.0
      },
      "slippage_bps": {
        "count": 1,
        "mean": 4.88,
        "max": 4.88,
        "p50": 4.88,
        "p75": 4.88,
        "p90": 4.88,
        "p95": 4.88
      },
      "fee_bps": {
        "count": 1,
        "mean": 0.6,
        "max": 0.6,
        "p50": 0.6,
        "p75": 0.6,
        "p90": 0.6,
        "p95": 0.6
      },
      "cost_bps_total": {
        "count": 1,
        "mean": 5.48,
        "max": 5.48,
        "p50": 5.48,
        "p75": 5.48,
        "p90": 5.48,
        "p95": 5.48
      }
    },
    "SOL/USDT|Trending|fill|ge250": {
      "count": 3,
      "spread_bps": {
        "count": 3,
        "mean": 2.0,
        "max": 2.0,
        "p50": 2.0,
        "p75": 2.0,
        "p90": 2.0,
        "p95": 2.0
      },
      "slippage_bps": {
        "count": 3,
        "mean": 3.1833333333333336,
        "max": 4.91,
        "p50": 3.62,
        "p75": 4.91,
        "p90": 4.91,
        "p95": 4.91
      },
      "fee_bps": {
        "count": 3,
        "mean": 1.2733333333333332,
        "max": 1.4,
        "p50": 1.28,
        "p75": 1.4,
        "p90": 1.4,
        "p95": 1.4
      },
      "cost_bps_total": {
        "count": 3,
        "mean": 4.453333333333333,
        "max": 6.19,
        "p50": 4.76,
        "p75": 6.19,
        "p90": 6.19,
        "p95": 6.19
      }
    },
    "ETH/USDT|Sideways|fill|100_250": {
      "count": 2,
      "spread_bps": {
        "count": 2,
        "mean": 2.0,
        "max": 2.0,
        "p50": 2.0,
        "p75": 2.0,
        "p90": 2.0,
        "p95": 2.0
      },
      "slippage_bps": {
        "count": 2,
        "mean": 2.745,
        "max": 3.56,
        "p50": 1.93,
        "p75": 3.56,
        "p90": 3.56,
        "p95": 3.56
      },
      "fee_bps": {
        "count": 2,
        "mean": 1.035,
        "max": 1.38,
        "p50": 0.69,
        "p75": 1.38,
        "p90": 1.38,
        "p95": 1.38
      },
      "cost_bps_total": {
        "count": 2,
        "mean": 3.7750000000000004,
        "max": 4.94,
        "p50": 2.61,
        "p75": 4.94,
        "p90": 4.94,
        "p95": 4.94
      }
    },
    "SOL/USDT|Trending|fill|100_250": {
      "count": 2,
      "spread_bps": {
        "count": 2,
        "mean": 2.0,
        "max": 2.0,
        "p50": 2.0,
        "p75": 2.0,
        "p90": 2.0,
        "p95": 2.0
      },
      "slippage_bps": {
        "count": 2,
        "mean": 1.19,
        "max": 1.62,
        "p50": 0.76,
        "p75": 1.62,
        "p90": 1.62,
        "p95": 1.62
      },
      "fee_bps": {
        "count": 2,
        "mean": 0.795,
        "max": 0.92,
        "p50": 0.67,
        "p75": 0.92,
        "p90": 0.92,
        "p95": 0.92
      },
      "cost_bps_total": {
        "count": 2,
        "mean": 1.9849999999999999,
        "max": 2.29,
        "p50": 1.68,
        "p75": 2.29,
        "p90": 2.29,
        "p95": 2.29
      }
    },
    "BTC/USDT|Trending|fill|ge250": {
      "count": 2,
      "spread_bps": {
        "count": 2,
        "mean": 2.0,
        "max": 2.0,
        "p50": 2.0,
        "p75": 2.0,
        "p90": 2.0,
        "p95": 2.0
      },
      "slippage_bps": {
        "count": 2,
        "mean": 1.23,
        "max": 1.71,
        "p50": 0.75,
        "p75": 1.71,
        "p90": 1.71,
        "p95": 1.71
      },
      "fee_bps": {
        "count": 2,
        "mean": 0.9099999999999999,
        "max": 1.17,
        "p50": 0.65,
        "p75": 1.17,
        "p90": 1.17,
        "p95": 1.17
      },
      "cost_bps_total": {
        "count": 2,
        "mean": 2.15,
        "max": 2.89,
        "p50": 1.41,
        "p75": 2.89,
        "p90": 2.89,
        "p95": 2.89
      }
    },
    "SOL/USDT|Sideways|fill|100_250": {
      "count": 1,