{
  "run_id": "20260216_22",
  "start_ts": 1771275600,
  "end_ts": 1771279200,
  "window_start_ts": 1771275600,
  "window_end_ts": 1771279200,
  "avg_equity": 112.75882931338765,
  "equity_start": 112.76922735960702,
  "equity_end": 112.73803322094895,
  "total_return_pct": -0.0002766192461227668,
  "max_drawdown_pct": 0.0002766192461227668,
  "sharpe": -93.59487097767531,
  "num_trades": 1,
  "num_round_trips": 1,
  "turnover_ratio": 0.2514952314038708,
  "fees_usdt_total": 0.0170149847226,
  "slippage_usdt_total": 0.0141791539355,
  "slippage_coverage": 1.0,
  "cost_usdt_total": 0.0311941386581,
  "cost_ratio": 0.0002766447545442579,
  "win_rate": 1.0,
  "profit_factor": 179819895029.0,
  "budget": {
    "ymd_utc": "20260216",
    "avg_equity_est": 112.75882931338765,
    "turnover_used": 281.4451492751906,
    "turnover_budget_per_day": null,
    "cost_used_usdt": 0.30958966420289963,
    "cost_used_bps": 27.455913305242394,
    "cost_budget_bps_per_day": null,
    "exceeded": false,
    "reason": null,
    "fills_count_today": 18,
    "median_notional_usdt_today": 27.869854319399998,
    "small_trade_ratio_today": 0.4444444444444444,
    "small_trade_notional_cutoff": 25.0
  }
}