{
  "run_id": "20260216_03",
  "start_ts": 1771207200,
  "end_ts": 1771210800,
  "window_start_ts": 1771207200,
  "window_end_ts": 1771210800,
  "avg_equity": 92.8850530135838,
  "equity_start": 92.88505303072897,
  "equity_end": 92.88505297929345,
  "total_return_pct": -5.537545977318814e-10,
  "max_drawdown_pct": 5.537545977318814e-10,
  "sharpe": -93.2580507912287,
  "num_trades": 1,
  "num_round_trips": 1,
  "turnover_ratio": 5.034132240109906e-07,
  "fees_usdt_total": 2.80557384e-08,
  "slippage_usdt_total": 2.3379782e-08,
  "slippage_coverage": 1.0,
  "cost_usdt_total": 5.14355204e-08,
  "cost_ratio": 5.537545464120896e-10,
  "win_rate": 0.0,
  "profit_factor": 0.0,
  "budget": {
    "ymd_utc": "20260216",
    "avg_equity_est": 92.8850530135838,
    "turnover_used": 4.6759564e-05,
    "turnover_budget_per_day": null,
    "cost_used_usdt": 5.14355204e-08,
    "cost_used_bps": 5.537545464120896e-06,
    "cost_budget_bps_per_day": null,
    "exceeded": false,
    "reason": null,
    "fills_count_today": 1,
    "median_notional_usdt_today": 4.6759564e-05,
    "small_trade_ratio_today": 1.0,
    "small_trade_notional_cutoff": 25.0
  }
}