{
  "run_id": "20260216_23",
  "start_ts": 1771279200,
  "end_ts": 1771282800,
  "window_start_ts": 1771279200,
  "window_end_ts": 1771282800,
  "avg_equity": 112.72769890123703,
  "equity_start": 112.73803322094895,
  "equity_end": 112.70703026181319,
  "total_return_pct": -0.0002750000000000252,
  "max_drawdown_pct": 0.0002750000000000252,
  "sharpe": -93.59487097369076,
  "num_trades": 1,
  "num_round_trips": 0,
  "turnover_ratio": 0.2500229187672234,
  "fees_usdt_total": 0.0169107049831,
  "slippage_usdt_total": 0.0140922541526,
  "slippage_coverage": 1.0,
  "cost_usdt_total": 0.0310029591357,
  "cost_ratio": 0.00027502521064376825,
  "win_rate": null,
  "profit_factor": null,
  "budget": {
    "ymd_utc": "20260216",
    "avg_equity_est": 112.72769890123703,
    "turnover_used": 309.6296575803906,
    "turnover_budget_per_day": null,
    "cost_used_usdt": 0.34059262333859963,
    "cost_used_bps": 30.213747522425663,
    "cost_budget_bps_per_day": null,
    "exceeded": false,
    "reason": null,
    "fills_count_today": 19,
    "median_notional_usdt_today": 27.9287607375,
    "small_trade_ratio_today": 0.42105263157894735,
    "small_trade_notional_cutoff": 25.0
  }
}