{
  "raw_factors": {
    "BTC/USDT": {
      "f1_mom_5d": 0.02649004645386266,
      "f2_mom_20d": -0.09179661446742637,
      "f3_vol_adj_ret_20d": -12.158896257031007,
      "f4_volume_expansion": -0.426817855607487,
      "f5_rsi_trend_confirm": 0.10723124385530838
    },
    "ETH/USDT": {
      "f1_mom_5d": 0.013994082385096362,
      "f2_mom_20d": -0.11590600185993272,
      "f3_vol_adj_ret_20d": -12.599776814787614,
      "f4_volume_expansion": -0.10460188349229338,
      "f5_rsi_trend_confirm": 0.15377235063235886
    },
    "SOL/USDT": {
      "f1_mom_5d": 0.052904180540140455,
      "f2_mom_20d": -0.13310996040207124,
      "f3_vol_adj_ret_20d": -12.523963511676305,
      "f4_volume_expansion": -0.18939106523835236,
      "f5_rsi_trend_confirm": -0.1484098939929335
    },
    "BNB/USDT": {
      "f1_mom_5d": 0.03154362416107381,
      "f2_mom_20d": -0.1880612783940836,
      "f3_vol_adj_ret_20d": -25.044662686733293,
      "f4_volume_expansion": -0.3170602664296799,
      "f5_rsi_trend_confirm": 0.1249999999999973
    }
  },
  "z_factors": {
    "BTC/USDT": {
      "f1_mom_5d": -0.33761782035150945,
      "f2_mom_20d": 1.1411095023510553,
      "f3_vol_adj_ret_20d": 0.6262316816679618,
      "f4_volume_expansion": -1.3639419882722006,
      "f5_rsi_trend_confirm": 0.3949139529405791
    },
    "ETH/USDT": {
      "f1_mom_5d": -1.2271215631384607,
      "f2_mom_20d": 0.4605010809967136,
      "f3_vol_adj_ret_20d": 0.5455716946958126,
      "f4_volume_expansion": 1.2621928356406293,
      "f5_rsi_trend_confirm": 0.7791633645146132
    },
    "SOL/USDT": {
      "f1_mom_5d": 1.5426269533148533,
      "f2_mom_20d": -0.025166964971549778,
      "f3_vol_adj_ret_20d": 0.5594418913594851,
      "f4_volume_expansion": 0.5711413604058919,
      "f5_rsi_trend_confirm": -1.715692424833421
    },
    "BNB/USDT": {
      "f1_mom_5d": 0.022112430175116916,
      "f2_mom_20d": -1.5764436183762192,
      "f3_vol_adj_ret_20d": -1.7312452677232586,
      "f4_volume_expansion": -0.4693922077743215,
      "f5_rsi_trend_confirm": 0.5416151073782286
    }
  },
  "scores": {
    "BTC/USDT": 0.18076505153373565,
    "ETH/USDT": 0.2236626484270121,
    "SOL/USDT": 0.31957071569359347,
    "BNB/USDT": -0.7239984156543413
  }
}