{
  "raw_factors": {
    "ETH/USDT": {
      "f1_mom_5d": 0.013262923337555854,
      "f2_mom_20d": -0.07447164445435783,
      "f3_vol_adj_ret_20d": -8.125461036087088,
      "f4_volume_expansion": -0.40479692131570366,
      "f5_rsi_trend_confirm": 0.08697855092045245
    }
  },
  "z_factors": {
    "ETH/USDT": {
      "f1_mom_5d": 0.0,
      "f2_mom_20d": 0.0,
      "f3_vol_adj_ret_20d": 0.0,
      "f4_volume_expansion": 0.0,
      "f5_rsi_trend_confirm": 0.0
    }
  },
  "scores": {
    "ETH/USDT": 0.0
  }
}