{
  "state": "Risk-Off",
  "atr_pct": 0.013142756726127741,
  "ma20": 1981.5469999999998,
  "ma60": 2015.0610000000001,
  "multiplier": 0.3
}