{
  "run_id": "20260215_06",
  "start_ts": 1771131600,
  "end_ts": 1771135200,
  "window_start_ts": 1771131600,
  "window_end_ts": 1771135200,
  "avg_equity": 101.61606665250291,
  "equity_start": 101.61606665250291,
  "equity_end": 101.61606665250291,
  "total_return_pct": 0.0,
  "max_drawdown_pct": 0.0,
  "sharpe": 0.0,
  "num_trades": 0,
  "turnover_ratio": 0.0,
  "fees_usdt_total": 0.0,
  "slippage_usdt_total": 0.0,
  "cost_usdt_total": 0.0,
  "cost_ratio": 0.0,
  "win_rate": null,
  "profit_factor": null
}