{
  "run_id": "20260215_23",
  "start_ts": 1771192800,
  "end_ts": 1771196400,
  "window_start_ts": 1771192800,
  "window_end_ts": 1771196400,
  "avg_equity": 92.88505413531779,
  "equity_start": 92.88505413531779,
  "equity_end": 92.88505413531779,
  "total_return_pct": 0.0,
  "max_drawdown_pct": 0.0,
  "sharpe": 0.0,
  "num_trades": 0,
  "turnover_ratio": 0.0,
  "fees_usdt_total": 0.0,
  "slippage_usdt_total": 0.0,
  "cost_usdt_total": 0.0,
  "cost_ratio": 0.0,
  "win_rate": null,
  "profit_factor": null,
  "budget": {
    "ymd_utc": "20260215",
    "avg_equity_est": 92.88505413531779,
    "turnover_used": 98.976186161016,
    "turnover_budget_per_day": null,
    "cost_used_usdt": 0.10887380477705759,
    "cost_used_bps": 11.721348045773532,
    "cost_budget_bps_per_day": null,
    "exceeded": false,
    "reason": null,
    "fills_count_today": 2,
    "median_notional_usdt_today": 49.488093080508,
    "small_trade_ratio_today": 0.5,
    "small_trade_notional_cutoff": 25.0
  }
}