{
  "run_id": "20260216_08",
  "start_ts": 1771225200,
  "end_ts": 1771228800,
  "window_start_ts": 1771225200,
  "window_end_ts": 1771228800,
  "avg_equity": 80.73365185932191,
  "equity_start": 92.88502357950632,
  "equity_end": 92.87342020870624,
  "total_return_pct": -0.00012492186956447604,
  "max_drawdown_pct": 0.784680035281676,
  "sharpe": 34.180822623240225,
  "num_trades": 0,
  "turnover_ratio": 0.0,
  "fees_usdt_total": 0.0,
  "slippage_usdt_total": 0.0,
  "cost_usdt_total": 0.0,
  "cost_ratio": 0.0,
  "win_rate": null,
  "profit_factor": null,
  "budget": {
    "ymd_utc": "20260216",
    "avg_equity_est": 80.73365185932191,
    "turnover_used": 4.6759564e-05,
    "turnover_budget_per_day": null,
    "cost_used_usdt": 5.14355204e-08,
    "cost_used_bps": 6.3710137241935e-06,
    "cost_budget_bps_per_day": null,
    "exceeded": false,
    "reason": null,
    "fills_count_today": 1,
    "median_notional_usdt_today": 4.6759564e-05,
    "small_trade_ratio_today": 1.0,
    "small_trade_notional_cutoff": 5.0
  }
}