{
  "run_id": "20260215_08",
  "start_ts": 1771138800,
  "end_ts": 1771142400,
  "window_start_ts": 1771138800,
  "window_end_ts": 1771142400,
  "avg_equity": 102.828886721853,
  "equity_start": 102.828886721853,
  "equity_end": 102.828886721853,
  "total_return_pct": 0.0,
  "max_drawdown_pct": 0.0,
  "sharpe": 0.0,
  "num_trades": 0,
  "turnover_ratio": 0.0,
  "fees_usdt_total": 0.0,
  "slippage_usdt_total": 0.0,
  "cost_usdt_total": 0.0,
  "cost_ratio": 0.0,
  "win_rate": null,
  "profit_factor": null
}