{
  "run_id": "20260215_02",
  "start_ts": 1771117200,
  "end_ts": 1771120800,
  "window_start_ts": 1771117200,
  "window_end_ts": 1771120800,
  "avg_equity": 99.98578145062287,
  "equity_start": 99.98578145062287,
  "equity_end": 99.98578145062287,
  "total_return_pct": 0.0,
  "max_drawdown_pct": 0.0,
  "sharpe": null,
  "num_trades": 0,
  "turnover_ratio": 0.0,
  "fees_usdt_total": 0.0,
  "slippage_usdt_total": 0.0,
  "cost_usdt_total": 0.0,
  "cost_ratio": 0.0,
  "win_rate": null,
  "profit_factor": null
}