{
  "run_id": "20260216_16",
  "start_ts": 1771254000,
  "end_ts": 1771257600,
  "window_start_ts": 1771254000,
  "window_end_ts": 1771257600,
  "avg_equity": 112.51958403354838,
  "equity_start": 112.52982457915213,
  "equity_end": 112.49910294234093,
  "total_return_pct": -0.00027300883944414434,
  "max_drawdown_pct": 0.00027300883944414434,
  "sharpe": -93.59487096872623,
  "num_trades": 1,
  "num_round_trips": 1,
  "turnover_ratio": 0.24821244210405963,
  "fees_usdt_total": 0.0167572564425,
  "slippage_usdt_total": 0.0139643803687,
  "slippage_coverage": 1.0,
  "cost_usdt_total": 0.0307216368112,
  "cost_ratio": 0.00027303368631402124,
  "win_rate": 0.0,
  "profit_factor": 0.0,
  "budget": {
    "ymd_utc": "20260216",
    "avg_equity_est": 112.51958403354838,
    "turnover_used": 112.16862152869061,
    "turnover_budget_per_day": null,
    "cost_used_usdt": 0.12338548368159966,
    "cost_used_bps": 10.96568963895312,
    "cost_budget_bps_per_day": null,
    "exceeded": false,
    "reason": null,
    "fills_count_today": 12,
    "median_notional_usdt_today": 0.0018447257680000002,
    "small_trade_ratio_today": 0.6666666666666666,
    "small_trade_notional_cutoff": 25.0
  }
}