{
  "run_id": "20260216_14",
  "start_ts": 1771246800,
  "end_ts": 1771250400,
  "window_start_ts": 1771246800,
  "window_end_ts": 1771250400,
  "avg_equity": 88.3612429159447,
  "equity_start": 20.0,
  "equity_end": 112.38136273043638,
  "total_return_pct": 4.619068136521819,
  "max_drawdown_pct": 0.00027217849510052794,
  "sharpe": 61.31875890043222,
  "num_trades": 9,
  "num_round_trips": 9,
  "turnover_ratio": 0.31478340071948074,
  "fees_usdt_total": 0.01668879152214872,
  "slippage_usdt_total": 0.0139073262684906,
  "slippage_coverage": 1.0,
  "cost_usdt_total": 0.030596117790639324,
  "cost_ratio": 0.0003462617407922211,
  "win_rate": 0.1111111111111111,
  "profit_factor": 4.350082629001907e-07,
  "budget": {
    "ymd_utc": "20260216",
    "avg_equity_est": 88.3612429159447,
    "turnover_used": 56.0254014055452,
    "turnover_budget_per_day": null,
    "cost_used_usdt": 0.06162794154625972,
    "cost_used_bps": 6.974544439679788,
    "cost_budget_bps_per_day": null,
    "exceeded": false,
    "reason": null,
    "fills_count_today": 6,
    "median_notional_usdt_today": 0.0018447257680000002,
    "small_trade_ratio_today": 0.6666666666666666,
    "small_trade_notional_cutoff": 25.0
  }
}