{
  "run_id": "20260217_01",
  "start_ts": 1771286400,
  "end_ts": 1771290000,
  "window_start_ts": 1771286400,
  "window_end_ts": 1771290000,
  "avg_equity": 112.90215067008258,
  "equity_start": 112.91250098267267,
  "equity_end": 112.88145004490244,
  "total_return_pct": -0.0002750000000000252,
  "max_drawdown_pct": 0.0002750000000000252,
  "sharpe": -93.59487097369076,
  "num_trades": 1,
  "num_round_trips": 0,
  "turnover_ratio": 0.25002291876783567,
  "fees_usdt_total": 0.0169368751474,
  "slippage_usdt_total": 0.0141140626228,
  "slippage_coverage": 1.0,
  "cost_usdt_total": 0.031050937770199998,
  "cost_ratio": 0.00027502521064399924,
  "win_rate": null,
  "profit_factor": null,
  "budget": {
    "ymd_utc": "20260217",
    "avg_equity_est": 112.90215067008258,
    "turnover_used": 56.6493676384,
    "turnover_budget_per_day": null,
    "cost_used_usdt": 0.062314304402199996,
    "cost_used_bps": 5.5193195198107405,
    "cost_budget_bps_per_day": null,
    "exceeded": false,
    "reason": null,
    "fills_count_today": 2,
    "median_notional_usdt_today": 28.3246838192,
    "small_trade_ratio_today": 0.0,
    "small_trade_notional_cutoff": 25.0
  }
}