{
  "run_id": "20260214_23",
  "start_ts": 1771106400,
  "end_ts": 1771110000,
  "window_start_ts": 1771106400,
  "window_end_ts": 1771110000,
  "avg_equity": 100.09457585736997,
  "equity_start": 100.09457585736997,
  "equity_end": 100.09457585736997,
  "total_return_pct": 0.0,
  "max_drawdown_pct": 0.0,
  "sharpe": null,
  "num_trades": 1,
  "num_round_trips": 0,
  "turnover_ratio": 0.24999999999957545,
  "fees_usdt_total": 0.0150141863786,
  "slippage_usdt_total": 0.0125118219822,
  "cost_usdt_total": 0.0275260083608,
  "cost_ratio": 0.00027500000000023236,
  "win_rate": null,
  "profit_factor": null
}