{
  "run_id": "20260216_20",
  "start_ts": 1771268400,
  "end_ts": 1771272000,
  "window_start_ts": 1771268400,
  "window_end_ts": 1771272000,
  "avg_equity": 112.60984821558684,
  "equity_start": 112.62018464880975,
  "equity_end": 112.589175349141,
  "total_return_pct": -0.00027534406701112957,
  "max_drawdown_pct": 0.00027534406701112957,
  "sharpe": -93.59487097454134,
  "num_trades": 1,
  "num_round_trips": 1,
  "turnover_ratio": 0.2503357643474566,
  "fees_usdt_total": 0.0169141634557,
  "slippage_usdt_total": 0.0140951362131,
  "slippage_coverage": 1.0,
  "cost_usdt_total": 0.031009299668800002,
  "cost_ratio": 0.00027536934078300145,
  "win_rate": 1.0,
  "profit_factor": 5636055647.660001,
  "budget": {
    "ymd_utc": "20260216",
    "avg_equity_est": 112.60984821558684,
    "turnover_used": 224.93954756689058,
    "turnover_budget_per_day": null,
    "cost_used_usdt": 0.24743350232379965,
    "cost_used_bps": 21.972634387189526,
    "cost_budget_bps_per_day": null,
    "exceeded": false,
    "reason": null,
    "fills_count_today": 16,
    "median_notional_usdt_today": 13.907292387258,
    "small_trade_ratio_today": 0.5,
    "small_trade_notional_cutoff": 25.0
  }
}