{
  "run_id": "20260216_21",
  "start_ts": 1771272000,
  "end_ts": 1771275600,
  "window_start_ts": 1771272000,
  "window_end_ts": 1771275600,
  "avg_equity": 112.57885467473399,
  "equity_start": 112.589175349141,
  "equity_end": 112.55821332591998,
  "total_return_pct": -0.0002750000000000252,
  "max_drawdown_pct": 0.0002750000000000252,
  "sharpe": -93.59487097369076,
  "num_trades": 1,
  "num_round_trips": 0,
  "turnover_ratio": 0.25002291876768473,
  "fees_usdt_total": 0.0168883763024,
  "slippage_usdt_total": 0.0140736469186,
  "slippage_coverage": 1.0,
  "cost_usdt_total": 0.030962023221,
  "cost_ratio": 0.00027502521064418675,
  "win_rate": null,
  "profit_factor": null,
  "budget": {
    "ymd_utc": "20260216",
    "avg_equity_est": 112.57885467473399,
    "turnover_used": 253.08684140419058,
    "turnover_budget_per_day": null,
    "cost_used_usdt": 0.2783955255447996,
    "cost_used_bps": 24.728935673501727,
    "cost_budget_bps_per_day": null,
    "exceeded": false,
    "reason": null,
    "fills_count_today": 17,
    "median_notional_usdt_today": 27.8109479013,
    "small_trade_ratio_today": 0.47058823529411764,
    "small_trade_notional_cutoff": 25.0
  }
}