{
  "run_id": "20260215_13",
  "start_ts": 1771156800,
  "end_ts": 1771160400,
  "window_start_ts": 1771156800,
  "window_end_ts": 1771160400,
  "avg_equity": 98.91610550539406,
  "equity_start": 98.952396406734,
  "equity_end": 98.84352370271417,
  "total_return_pct": -0.0011002533336567089,
  "max_drawdown_pct": 0.0011002533336567089,
  "sharpe": -93.59487148424742,
  "num_trades": 1,
  "num_round_trips": 1,
  "turnover_ratio": 1.0005972734864974,
  "fees_usdt_total": 0.0593851112835,
  "slippage_usdt_total": 0.0494875927363,
  "cost_usdt_total": 0.1088727040198,
  "cost_ratio": 0.0011006570008345404,
  "win_rate": 0.0,
  "profit_factor": 0.0,
  "budget": {
    "ymd_utc": "20260215",
    "avg_equity_est": 98.91610550539406,
    "turnover_used": 98.9751854726,
    "turnover_budget_per_day": null,
    "cost_used_usdt": 0.1088727040198,
    "cost_used_bps": 11.006570008345404,
    "cost_budget_bps_per_day": null,
    "exceeded": false,
    "reason": null,
    "fills_count_today": 1,
    "median_notional_usdt_today": 98.9751854726,
    "small_trade_ratio_today": 0.0,
    "small_trade_notional_cutoff": 25.0
  }
}