{
  "run_id": "20260216_18",
  "start_ts": 1771261200,
  "end_ts": 1771264800,
  "window_start_ts": 1771261200,
  "window_end_ts": 1771264800,
  "avg_equity": 112.63526326719541,
  "equity_start": 112.64564075915752,
  "equity_end": 112.61450828327123,
  "total_return_pct": -0.000276375327766476,
  "max_drawdown_pct": 0.000276375327766476,
  "sharpe": -93.59487097707807,
  "num_trades": 1,
  "num_round_trips": 1,
  "turnover_ratio": 0.2512734465631859,
  "fees_usdt_total": 0.0169813504834,
  "slippage_usdt_total": 0.0141511254029,
  "slippage_coverage": 1.0,
  "cost_usdt_total": 0.0311324758863,
  "cost_ratio": 0.0002764007912197708,
  "win_rate": 1.0,
  "profit_factor": 146342594239.0,
  "budget": {
    "ymd_utc": "20260216",
    "avg_equity_est": 112.63526326719541,
    "turnover_used": 168.5956480699906,
    "turnover_budget_per_day": null,
    "cost_used_usdt": 0.18545521287709965,
    "cost_used_bps": 16.465111147044546,
    "cost_budget_bps_per_day": null,
    "exceeded": false,
    "reason": null,
    "fills_count_today": 14,
    "median_notional_usdt_today": 0.0036323573760000004,
    "small_trade_ratio_today": 0.5714285714285714,
    "small_trade_notional_cutoff": 25.0
  }
}