{
  "run_id": "20260217_02",
  "start_ts": 1771290000,
  "end_ts": 1771293600,
  "window_start_ts": 1771290000,
  "window_end_ts": 1771293600,
  "avg_equity": 90.70357848567363,
  "equity_start": 122.05625654410974,
  "equity_end": 112.91572801618824,
  "total_return_pct": -0.0748878327643796,
  "max_drawdown_pct": 0.8745281400099271,
  "sharpe": 46.49689360570389,
  "num_trades": 3,
  "num_round_trips": 2,
  "turnover_ratio": 1.1623585327876824,
  "fees_usdt_total": 0.0632580470444,
  "slippage_usdt_total": 0.052715039203599996,
  "slippage_coverage": 1.0,
  "cost_usdt_total": 0.11597308624799998,
  "cost_ratio": 0.0012785943860673325,
  "win_rate": 0.5,
  "profit_factor": 223.45127210191353,
  "budget": {
    "ymd_utc": "20260217",
    "avg_equity_est": 90.70357848567363,
    "turnover_used": 162.0794460456,
    "turnover_budget_per_day": null,
    "cost_used_usdt": 0.1782873906502,
    "cost_used_bps": 19.656048154523468,
    "cost_budget_bps_per_day": null,
    "exceeded": false,
    "reason": null,
    "fills_count_today": 5,
    "median_notional_usdt_today": 30.514064136,
    "small_trade_ratio_today": 0.0,
    "small_trade_notional_cutoff": 2.0
  }
}