{
  "run_id": "20260216_11",
  "start_ts": 1771236000,
  "end_ts": 1771239600,
  "window_start_ts": 1771236000,
  "window_end_ts": 1771239600,
  "avg_equity": 112.93733733720735,
  "equity_start": 112.93733733720737,
  "equity_end": 112.93733733720737,
  "total_return_pct": 0.0,
  "max_drawdown_pct": 0.0,
  "sharpe": 0.0,
  "num_trades": 0,
  "turnover_ratio": 0.0,
  "fees_usdt_total": 0.0,
  "slippage_usdt_total": 0.0,
  "cost_usdt_total": 0.0,
  "cost_ratio": 0.0,
  "win_rate": null,
  "profit_factor": null,
  "budget": {
    "ymd_utc": "20260216",
    "avg_equity_est": 112.93733733720735,
    "turnover_used": 28.210748868664,
    "turnover_budget_per_day": null,
    "cost_used_usdt": 0.0310318237556204,
    "cost_used_bps": 2.747702795840302,
    "cost_budget_bps_per_day": null,
    "exceeded": false,
    "reason": null,
    "fills_count_today": 2,
    "median_notional_usdt_today": 14.105374434332,
    "small_trade_ratio_today": 0.5,
    "small_trade_notional_cutoff": 25.0
  }
}