{
  "run_id": "20260216_19",
  "start_ts": 1771264800,
  "end_ts": 1771268400,
  "window_start_ts": 1771264800,
  "window_end_ts": 1771268400,
  "avg_equity": 112.6041852866786,
  "equity_start": 112.61450828327123,
  "equity_end": 112.58353929349333,
  "total_return_pct": -0.0002750000000000252,
  "max_drawdown_pct": 0.0002750000000000252,
  "sharpe": -93.59487097369076,
  "num_trades": 1,
  "num_round_trips": 0,
  "turnover_ratio": 0.2500229187673955,
  "fees_usdt_total": 0.0168921762425,
  "slippage_usdt_total": 0.0140768135354,
  "slippage_coverage": 1.0,
  "cost_usdt_total": 0.0309689897779,
  "cost_ratio": 0.00027502521064431273,
  "win_rate": null,
  "profit_factor": null,
  "budget": {
    "ymd_utc": "20260216",
    "avg_equity_est": 112.6041852866786,
    "turnover_used": 196.7492751407906,
    "turnover_budget_per_day": null,
    "cost_used_usdt": 0.21642420265499965,
    "cost_used_bps": 19.21990751089811,
    "cost_budget_bps_per_day": null,
    "exceeded": false,
    "reason": null,
    "fills_count_today": 15,
    "median_notional_usdt_today": 0.003636873216,
    "small_trade_ratio_today": 0.5333333333333333,
    "small_trade_notional_cutoff": 25.0
  }
}