{
  "run_id": "20260215_20",
  "start_ts": 1771182000,
  "end_ts": 1771185600,
  "window_start_ts": 1771182000,
  "window_end_ts": 1771185600,
  "avg_equity": 92.88505366959475,
  "equity_start": 92.88505403651384,
  "equity_end": 92.88505293575658,
  "total_return_pct": -1.185074682830134e-08,
  "max_drawdown_pct": 1.185074682830134e-08,
  "sharpe": -93.57907871237155,
  "num_trades": 1,
  "num_round_trips": 1,
  "turnover_ratio": 1.0773406231314566e-05,
  "fees_usdt_total": 6.004130496e-07,
  "slippage_usdt_total": 5.00344208e-07,
  "slippage_coverage": 1.0,
  "cost_usdt_total": 1.1007572576e-06,
  "cost_ratio": 1.1850746854446022e-08,
  "win_rate": 0.0,
  "profit_factor": 0.0,
  "budget": {
    "ymd_utc": "20260215",
    "avg_equity_est": 92.88505366959475,
    "turnover_used": 98.976186161016,
    "turnover_budget_per_day": null,
    "cost_used_usdt": 0.10887380477705759,
    "cost_used_bps": 11.72134810454404,
    "cost_budget_bps_per_day": null,
    "exceeded": false,
    "reason": null,
    "fills_count_today": 2,
    "median_notional_usdt_today": 49.488093080508,
    "small_trade_ratio_today": 0.5,
    "small_trade_notional_cutoff": 25.0
  }
}