{
  "run_id": "20260216_09",
  "start_ts": 1771228800,
  "end_ts": 1771232400,
  "window_start_ts": 1771228800,
  "window_end_ts": 1771232400,
  "avg_equity": 112.83246451241713,
  "equity_start": 112.84280843652382,
  "equity_end": 112.81177666420378,
  "total_return_pct": -0.0002750000000000252,
  "max_drawdown_pct": 0.0002750000000000252,
  "sharpe": -93.59487097369076,
  "num_trades": 1,
  "num_round_trips": 0,
  "turnover_ratio": 0.2500229187672794,
  "fees_usdt_total": 0.0169264212655,
  "slippage_usdt_total": 0.0141053510546,
  "slippage_coverage": 1.0,
  "cost_usdt_total": 0.0310317723201,
  "cost_ratio": 0.00027502521064480496,
  "win_rate": null,
  "profit_factor": null,
  "budget": {
    "ymd_utc": "20260216",
    "avg_equity_est": 112.83246451241713,
    "turnover_used": 28.210748868664,
    "turnover_budget_per_day": null,
    "cost_used_usdt": 0.0310318237556204,
    "cost_used_bps": 2.750256665022625,
    "cost_budget_bps_per_day": null,
    "exceeded": false,
    "reason": null,
    "fills_count_today": 2,
    "median_notional_usdt_today": 14.105374434332,
    "small_trade_ratio_today": 0.5,
    "small_trade_notional_cutoff": 25.0
  }
}