{
  "run_id": "20260217_00",
  "start_ts": 1771282800,
  "end_ts": 1771286400,
  "window_start_ts": 1771282800,
  "window_end_ts": 1771286400,
  "avg_equity": 112.933343227094,
  "equity_start": 112.94376434930467,
  "equity_end": 112.91250098267267,
  "total_return_pct": -0.0002768047161534337,
  "max_drawdown_pct": 0.0002768047161534337,
  "sharpe": -93.59487097812872,
  "num_trades": 1,
  "num_round_trips": 1,
  "turnover_ratio": 0.25166387163044174,
  "fees_usdt_total": 0.0170527454356,
  "slippage_usdt_total": 0.0142106211964,
  "slippage_coverage": 1.0,
  "cost_usdt_total": 0.031263366632,
  "cost_ratio": 0.00027683025879375156,
  "win_rate": 1.0,
  "profit_factor": 205470720859.0,
  "budget": {
    "ymd_utc": "20260217",
    "avg_equity_est": 112.933343227094,
    "turnover_used": 28.4212423927,
    "turnover_budget_per_day": null,
    "cost_used_usdt": 0.031263366632,
    "cost_used_bps": 2.7683025879375154,
    "cost_budget_bps_per_day": null,
    "exceeded": false,
    "reason": null,
    "fills_count_today": 1,
    "median_notional_usdt_today": 28.4212423927,
    "small_trade_ratio_today": 0.0,
    "small_trade_notional_cutoff": 25.0
  }
}