{
  "run_id": "20260216_15",
  "start_ts": 1771250400,
  "end_ts": 1771254000,
  "window_start_ts": 1771250400,
  "window_end_ts": 1771254000,
  "avg_equity": 112.8324543609189,
  "equity_start": 112.84279966269362,
  "equity_end": 112.81176375736945,
  "total_return_pct": -0.0002750366475924304,
  "max_drawdown_pct": 0.0002750366475924304,
  "sharpe": -93.59487097378145,
  "num_trades": 10,
  "num_round_trips": 9,
  "turnover_ratio": 0.25005624087016115,
  "fees_usdt_total": 0.01692867563136724,
  "slippage_usdt_total": 0.014107229692772701,
  "slippage_coverage": 1.0,
  "cost_usdt_total": 0.03103590532413994,
  "cost_ratio": 0.00027506186495655685,
  "win_rate": 0.4444444444444444,
  "profit_factor": 3755334528.4577,
  "budget": {
    "ymd_utc": "20260216",
    "avg_equity_est": 112.8324543609189,
    "turnover_used": 84.23986079119061,
    "turnover_budget_per_day": null,
    "cost_used_usdt": 0.09266384687039966,
    "cost_used_bps": 8.212517169394754,
    "cost_budget_bps_per_day": null,
    "exceeded": false,
    "reason": null,
    "fills_count_today": 11,
    "median_notional_usdt_today": 6.161e-05,
    "small_trade_ratio_today": 0.7272727272727273,
    "small_trade_notional_cutoff": 25.0
  }
}